<?xml version="1.0" encoding="UTF-8"?>
<project-private xmlns="http://www.netbeans.org/ns/project-private/1">
    <editor-bookmarks xmlns="http://www.netbeans.org/ns/editor-bookmarks/2" lastBookmarkId="0"/>
    <open-files xmlns="http://www.netbeans.org/ns/projectui-open-files/2">
        <group>
            <file>file:/home/alex/Universidad/Temas/4º/DBA/Prácticas/NeuraKitt/src/neurakitt/Casilla.java</file>
            <file>file:/home/alex/Universidad/Temas/4º/DBA/Prácticas/NeuraKitt/src/neurakitt/NeuraKitt.java</file>
            <file>file:/home/alex/Universidad/Temas/4º/DBA/Prácticas/NeuraKitt/src/neurakitt/Neura.java</file>
            <file>file:/home/alex/Universidad/Temas/4º/DBA/Prácticas/NeuraKitt/src/neurakitt/Agente.java</file>
            <file>file:/home/alex/Universidad/Temas/4º/DBA/Prácticas/NeuraKitt/src/neurakitt/Kitt.java</file>
        </group>
    </open-files>
</project-private>
